ID,Name,Age,City,Country,Phone Number,Salary,Joining Date
1,Jennifer Davidson,20,North Linda,Croatia,210-290-1483x399,44395.62,15-08-2017
2,David Murphy,60,Leahmouth,United Kingdom,001-648-688-6338x726,97156.81,16-08-2017
3,Lisa Hill,28,Hudsonbury,Haiti,341-920-9062,67397.49,17-08-2017
4,Michael Warren,39,Harrischester,Comoros,717-756-8228x51242,69053.5,18-08-2017
5,Justin Mejia,25,Derekton,Chile,-2277,82124.09,19-08-2017
6,Ashley Martin,61,South Nicole,Eritrea,830-953-4038x2632,47540.17,20-08-2017
7,Nicole Rich,42,West Williamfurt,Congo,001-154-354-9129x8030,63324.97,21-08-2017
8,Kristina Ho,32,Georgetown,Liberia,001-870-500-4531x63757,90568.71,22-08-2017
9,Tiffany Davis,56,East Robert,Serbia,001-774-456-3253,80192.76,23-08-2017
10,Paul Williams,65,Destinymouth,Bahrain,001-959-135-8610x4471,31868.63,24-08-2017
11,Matthew Washington,36,Mooreshire,Greenland,843.742.7503,44811.45,25-08-2017
12,Dean Taylor,19,Port Juliechester,Serbia,468-794-1109x892,33163.28,26-08-2017
13,Zachary Rodriguez,47,Courtneychester,Ghana,+1-746-895-3835x67297,50403.31,27-08-2017
14,Adrienne Houston,42,Port Matthewfort,Saint Helena,317.710.5193x298,68792.13,28-08-2017
15,Rachel Rich,34,South Andrewton,Antarctica (the territory South of 60 deg S),(288)395-1702x605,85002.46,29-08-2017
16,Karen Harvey,27,Kingmouth,Samoa,(433)319-9650x0282,94048.85,30-08-2017
17,William Campbell,58,Guerreroshire,Georgia,(631)433-5195x18106,30818.9,31-08-2017
18,Victor Smith,47,Lake Maxwellberg,Angola,968-469-6114,117080.14,01-09-2017
19,Juan Stevens,29,East Williamborough,Singapore,787.470.6030x5357,85113.31,02-09-2017
20,Dylan Walker DDS,43,West Patricia,Ireland,001-738-454-8116x484,110866.25,03-09-2017
21,Amanda Fox,45,Marthafurt,Rwanda,2271033130,54185.77,04-09-2017
22,Anna Allen,53,Danielview,Spain,(304)196-2274,75148.18,05-09-2017
23,Julie Mcmillan,57,Glennview,Netherlands,348.615.1856,48274,06-09-2017
24,Evan Edwards,32,North Stephen,Christmas Island,977.663.9448,64947.66,07-09-2017
25,Catherine Hughes,46,Patriciachester,Luxembourg,+1-310-261-5292x15127,56492.71,08-09-2017
26,Douglas Carpenter,40,Shieldsfort,British Virgin Islands,754-767-8932x883,114849.65,09-09-2017
27,Julie Garcia,36,South Briana,Solomon Islands,001-439-244-4047x3163,101557.92,10-09-2017
28,Keith Nicholson,65,Sandramouth,French Southern Territories,(999)489-3067x62736,49772.45,11-09-2017
29,Robert Adams,55,Allenbury,Bermuda,417.673.4906,86371.24,12-09-2017
30,Ricky Johnson,41,South Daniel,Dominica,119-105-8950,38780.58,13-09-2017
31,Vanessa Hanna,60,Randallland,Greenland,001-885-524-6928x39500,109609.43,14-09-2017
32,Mark Howard,29,North James,Ghana,627.527.9210x684,30501.87,15-09-2017
33,Andrew Stone,38,Harrisport,Congo,516-149-8965x5293,119137.82,16-09-2017
34,Kimberly Mcguire,20,North Jane,Martinique,001-960-622-0562x52394,75070.97,17-09-2017
35,Sue Reynolds,18,Elizabethchester,Nepal,434.503.7000x5985,39549.41,18-09-2017
36,Brent White,29,Chapmantown,Yemen,(243)620-9173x363,57345.94,19-09-2017
37,Jamie Gardner,55,South Garrettbury,Niue,+1-590-954-7294x59781,43591.84,20-09-2017
38,Alicia Wilson,62,Randytown,Slovakia (Slovak Republic),001-596-000-1850,119720.77,21-09-2017
39,Jessica Martinez,59,North Johnberg,Nicaragua,+1-026-784-8776x0399,34231.01,22-09-2017
40,Adam Vega,38,West Tyler,Nigeria,595.893.0553x1246,103536.05,23-09-2017
41,Kathryn Ayala,54,Lake Brittany,Bulgaria,441-248-9120x45507,118013.77,24-09-2017
42,Samantha Thompson,21,Port Robertbury,Cape Verde,047-616-2437x3057,62750.87,25-09-2017
43,Steven Hall,64,Rojastown,Cyprus,-4753,60618.4,26-09-2017
44,Marcus Clark,30,Archerborough,Mongolia,(427)843-8883,43039.93,27-09-2017
45,Alisha Reed,56,Huertaburgh,Mauritius,3093603069,84625.81,28-09-2017
46,Lisa Williams,58,North Nathanport,Montserrat,004-194-0750x20811,62853.41,29-09-2017
47,Vanessa Marshall,31,North Anna,Estonia,805.620.5657x14924,114329.04,30-09-2017
48,Erika Ramirez,59,Mitchellland,San Marino,-4798,83095.89,01-10-2017
49,Bobby Hunter,47,Morganmouth,Andorra,3676867503,67184.9,02-10-2017
50,Sarah Nunez,59,North Jacquelineburgh,Austria,358-060-3246,103398.75,03-10-2017
51,Christine Wong,29,Baileyside,Liberia,(781)012-8558x99115,111298.93,04-10-2017
52,Dean Henry,31,Danielshire,Jersey,1815228255,102797.38,05-10-2017
53,John Brewer,54,Wendyburgh,Somalia,240.254.5015x792,51960.4,06-10-2017
54,Lauren Anderson,41,North Brenda,Pitcairn Islands,272-891-5480x7287,78826.4,07-10-2017
55,Raymond Koch,34,Amandaburgh,French Guiana,001-910-434-4439x170,41710.56,08-10-2017
56,Tiffany Mcdowell,60,West Miguelborough,Finland,922356873,35898.76,09-10-2017
57,Devin Bradley,62,Gilbertfurt,Malawi,(411)485-8437x0413,67337.04,10-10-2017
58,Joel Glover,37,South Joshua,Albania,-8881,70308.99,11-10-2017
59,Kathryn Quinn,63,Bauerborough,Sierra Leone,567-103-6021,107012.16,12-10-2017
60,Paige Mathis,41,South Luke,Central African Republic,(806)610-8184x9089,82414.36,13-10-2017
61,Juan Hale,26,Lake Maurice,United Kingdom,(550)262-7369x60510,116236.73,14-10-2017
62,Stephanie Sanchez,39,Snowfort,Trinidad and Tobago,1628037523,41067.82,15-10-2017
63,Chris Mitchell,28,Ryanfurt,Turkey,(138)811-5548,83677.38,16-10-2017
64,Robin Barron,65,Josephtown,Jordan,200-301-6784x5911,118218.63,17-10-2017
65,Adam Turner,52,West Jasmineport,Netherlands Antilles,+1-387-695-7037x31715,101791.3,18-10-2017
66,James Byrd,20,Michelefurt,Korea,+1-074-889-5231x329,100143.97,19-10-2017
67,Stephanie Lane,61,Nelsonchester,Barbados,808.866.9274x277,77531.16,20-10-2017
68,Bonnie Kidd,62,North Richardshire,Paraguay,(203)182-7216x44357,40895.39,21-10-2017
69,Kenneth Nelson,55,North Bruceton,Antigua and Barbuda,920-697-4912x188,117764.1,22-10-2017
70,Amy Butler,64,Lake Austinview,Myanmar,(755)389-6668,77623.29,23-10-2017
71,Amanda Boyd,52,Reedville,Saint Martin,-4515,93287.9,24-10-2017
72,Hunter Gonzalez,19,Ramirezfort,Italy,001-491-935-8229x6065,63440.08,25-10-2017
73,Scott Smith,41,Williamsburgh,Aruba,001-864-046-7283,33663.75,26-10-2017
74,Samantha Greene,64,North Nathanshire,Namibia,551-195-1549x43391,110717.5,27-10-2017
75,Stephanie Wheeler,54,Lake Danielle,Czech Republic,246-055-2105x2205,93729.09,28-10-2017
76,Hannah Davis,30,Port Robertland,French Polynesia,796.061.5952,49461.98,29-10-2017
77,Eric Daniels,35,Christinaton,Montserrat,+1-096-479-1847x2048,77564.78,30-10-2017
78,Crystal Barnett,21,Barrerafort,Mauritius,-514,79692.63,31-10-2017
79,Lynn Medina,65,Kennethview,San Marino,366-566-7542x91903,66224.38,01-11-2017
80,Kyle Farmer,25,Erikbury,Albania,033-251-0546x944,64772.55,02-11-2017
81,Raymond Shelton,30,Alanmouth,Guam,635.524.2692x780,35942.88,03-11-2017
82,Edward Bailey,60,North Cameron,Ethiopia,(857)611-6380x18086,82992.59,04-11-2017
83,Nicholas Hall,55,Andersonshire,Mongolia,(502)421-3722,106843.21,05-11-2017
84,Jody Hardy,40,Pricehaven,Kuwait,(616)876-3264,91418.57,06-11-2017
85,Russell Hall,61,Woodmouth,Zimbabwe,570.183.0853x04845,78989.72,07-11-2017
86,Mary Sherman,39,South Brittanyfort,New Caledonia,(303)193-5324,93967.91,08-11-2017
87,Lindsey Molina,35,North Margaret,Micronesia,050.952.4092,119689.38,09-11-2017
88,Heather Liu,20,East Connieton,Gambia,-9627,116310.34,10-11-2017
89,Mallory Austin,44,Seanstad,Togo,+1-721-573-6377x30771,84164.97,11-11-2017
90,Clayton Hartman,58,North Jonathanberg,Czech Republic,760.167.6571x8852,31774.95,12-11-2017
91,Melanie Byrd,30,Floreston,Spain,+1-240-055-6971x837,43690.85,13-11-2017
92,Vincent Smith,52,New Amymouth,Holy See (Vatican City State),001-966-690-8169x420,38087.42,14-11-2017
93,Ryan Johnson,62,Tyronemouth,Morocco,089-676-8801x816,48667.1,15-11-2017
94,David Wagner,32,West Jennifer,Monaco,001-443-368-9812x0526,57553.57,16-11-2017
95,Russell Sanchez,18,South Rebecca,Bolivia,+1-607-415-0687x7401,76180.57,17-11-2017
96,Carlos Watson,39,Brownmouth,Uzbekistan,+1-081-565-4083x7435,83313.15,18-11-2017
97,Cynthia Deleon,36,Michaelmouth,Gibraltar,348-047-5724,51022.9,19-11-2017
98,Sara Arias,50,Jamesstad,Papua New Guinea,287-352-6968,48750.72,20-11-2017
99,David Willis,30,Ethanland,Guernsey,(133)908-8125x2183,76351.33,21-11-2017
100,Margaret Barker,18,North Christopher,Spain,001-592-010-4187x61592,49035.05,22-11-2017
